{
  "metadata": {
    "ticker": "TEST",
    "evaluation_date": "2025-06-11T22:23:28.090606",
    "test_samples": 50,
    "model_type": "LSTM_Basic",
    "config": {
      "rolling_window_days": 30,
      "min_test_samples": 100,
      "max_test_samples": 1000,
      "direction_threshold": 0.02,
      "significant_move_threshold": 0.05,
      "transaction_cost": 0.001,
      "initial_capital": 10000.0,
      "max_position_size": 0.1,
      "risk_free_rate": 0.02,
      "confidence_level": 0.95,
      "save_detailed_results": true,
      "generate_plots": false,
      "export_format": "json"
    }
  },
  "basic_metrics": {
    "regression_mse": 0.4300104202553381,
    "regression_rmse": 0.6557517977522731,
    "regression_mae": 0.5905106844215621,
    "regression_mape": 937.338111098821,
    "regression_r2": -4.298345184890799,
    "regression_mean_error": -0.5905106844215621,
    "regression_std_error": 0.2851447910085619,
    "directional_directional_accuracy": 0.47474747474747475,
    "directional_up_accuracy": 0.4583333333333333,
    "directional_down_accuracy": 0.49019607843137253,
    "directional_total_up_days": "48",
    "directional_total_down_days": "51",
    "mean_relative_error": 9.373381110988209,
    "median_relative_error": 1.1803749902605896,
    "prediction_range": 0.0809963047504425,
    "actual_range": 0.9933651087402795,
    "prediction_variance": 0.0004496208275668323,
    "actual_variance": 0.08115938189183888,
    "correlation_coefficient": 0.024951348293274972
  },
  "financial_metrics": {
    "simulated_total_return": 466377.14807422704,
    "simulated_sharpe_ratio": -1.8783915918634577,
    "simulated_win_rate": 0.5052631578947369,
    "simulated_total_trades": 95,
    "simulated_final_value": 4663781480.74227,
    "strategy_volatility": 334.2716980334397,
    "bullish_rmse": 0.8028416460638959,
    "bullish_mae": 0.7716096304157277,
    "bullish_samples": 48,
    "bearish_rmse": 0.45428984865828115,
    "bearish_mae": 0.40305870780164577,
    "bearish_samples": 50,
    "sideways_rmse": 0.8528704944135008,
    "sideways_mae": 0.8528704944135008,
    "sideways_samples": 1
  },
  "directional_analysis": {
    "directional_accuracy": 0.47474747474747475,
    "up_accuracy": 0.4583333333333333,
    "down_accuracy": 0.49019607843137253,
    "total_up_days": "48",
    "total_down_days": "51",
    "directional_accuracy_1pct": 0.46938775510204084,
    "directional_accuracy_2pct": 0.45263157894736844,
    "directional_accuracy_5pct": 0.43333333333333335,
    "mean_direction_error": 0.002058495514251564,
    "std_direction_error": 0.38959266084359706,
    "direction_error_skewness": -0.015899967945801133,
    "large_error_ratio": 0.898989898989899
  },
  "risk_metrics": {
    "value_at_risk_95": 1.0274303088288326,
    "value_at_risk_99": 1.078116061260392,
    "conditional_var_95": 1.0630069829987405,
    "downside_deviation": 0.2851447910085619,
    "error_skewness": -0.060835600351475484,
    "error_kurtosis": -1.0710798580779743,
    "max_absolute_error": 1.0944648935867263,
    "relative_var_95": 2.8126984087071234,
    "price_volatility": 0.3264019957319351,
    "prediction_volatility": 0.4943944811820984,
    "volatility_ratio": 1.5146797128903917
  },
  "backtest_results": {},
  "stability_metrics": {
    "rmse_stability": 0.9144301129873112,
    "accuracy_stability": 0.8403605169673358,
    "performance_trend": -0.88741964704969,
    "consistency_score": 0.9926777944366357
  },
  "overall_score": {
    "accuracy_score": 0.6956054607557263,
    "directional_score": 0.47474747474747475,
    "risk_score": 0.9893905239879222,
    "financial_score": 0.9515789473684211,
    "overall_score": 0.7503426742226416,
    "grade": "B+"
  }
}