{
  "metadata": {
    "ticker": "TEST",
    "evaluation_date": "2025-06-11T22:24:03.893305",
    "test_samples": 50,
    "model_type": "LSTM_Basic",
    "config": {
      "rolling_window_days": 30,
      "min_test_samples": 100,
      "max_test_samples": 1000,
      "direction_threshold": 0.02,
      "significant_move_threshold": 0.05,
      "transaction_cost": 0.001,
      "initial_capital": 10000.0,
      "max_position_size": 0.1,
      "risk_free_rate": 0.02,
      "confidence_level": 0.95,
      "save_detailed_results": true,
      "generate_plots": false,
      "export_format": "json"
    }
  },
  "basic_metrics": {
    "regression_mse": 0.4138794114728276,
    "regression_rmse": 0.643334603043259,
    "regression_mae": 0.5754388508967091,
    "regression_mape": 719.9849865922282,
    "regression_r2": -4.099588018356334,
    "regression_mean_error": -0.5754388508967091,
    "regression_std_error": 0.2876621983360042,
    "directional_directional_accuracy": 0.494949494949495,
    "directional_up_accuracy": 0.5,
    "directional_down_accuracy": 0.49019607843137253,
    "directional_total_up_days": "48",
    "directional_total_down_days": "51",
    "mean_relative_error": 7.199849865922282,
    "median_relative_error": 1.1496826369653643,
    "prediction_range": 0.1145051121711731,
    "actual_range": 0.9933651087402795,
    "prediction_variance": 0.0011385270627215505,
    "actual_variance": 0.08115938189183888,
    "correlation_coefficient": -0.023491625584220948
  },
  "financial_metrics": {
    "simulated_total_return": 250219.84976560753,
    "simulated_sharpe_ratio": -1.8771589081140871,
    "simulated_win_rate": 0.5050505050505051,
    "simulated_total_trades": 99,
    "simulated_final_value": 2502208497.6560755,
    "strategy_volatility": 334.274926369625,
    "bullish_rmse": 0.7920462570768377,
    "bullish_mae": 0.7602736002876261,
    "bullish_samples": 48,
    "bearish_rmse": 0.43697265657929035,
    "bearish_mae": 0.38401821111703494,
    "bearish_samples": 50,
    "sideways_rmse": 0.8312733772279082,
    "sideways_mae": 0.8312733772279082,
    "sideways_samples": 1
  },
  "directional_analysis": {
    "directional_accuracy": 0.494949494949495,
    "up_accuracy": 0.5,
    "down_accuracy": 0.49019607843137253,
    "total_up_days": "48",
    "total_down_days": "51",
    "directional_accuracy_1pct": 0.4897959183673469,
    "directional_accuracy_2pct": 0.47368421052631576,
    "directional_accuracy_5pct": 0.45555555555555555,
    "mean_direction_error": 0.002304188983238904,
    "std_direction_error": 0.3947272722234602,
    "direction_error_skewness": -0.04562490212390103,
    "large_error_ratio": 0.8888888888888888
  },
  "risk_metrics": {
    "value_at_risk_95": 1.0198782831197462,
    "value_at_risk_99": 1.0745195140728714,
    "conditional_var_95": 1.0600368687110833,
    "downside_deviation": 0.2876621983360042,
    "error_skewness": -0.06377779395058694,
    "error_kurtosis": -1.041177004121391,
    "max_absolute_error": 1.107519324071498,
    "relative_var_95": 1.8211080119223102,
    "price_volatility": 0.3264019957319351,
    "prediction_volatility": 1.3772311210632324,
    "volatility_ratio": 4.219432292302263
  },
  "backtest_results": {},
  "stability_metrics": {
    "rmse_stability": 0.9143590595186811,
    "accuracy_stability": 0.8564401926633067,
    "performance_trend": -0.909135022956769,
    "consistency_score": 0.9926656293134752
  },
  "overall_score": {
    "accuracy_score": 0.6957003450351369,
    "directional_score": 0.494949494949495,
    "risk_score": 0.9893630119640437,
    "financial_score": 0.9515151515151515,
    "overall_score": 0.7554081271955108,
    "grade": "B+"
  }
}