{
  "metadata": {
    "ticker": "TEST",
    "evaluation_date": "2025-06-11T22:29:57.857081",
    "test_samples": 50,
    "model_type": "LSTM_Basic",
    "config": {
      "rolling_window_days": 30,
      "min_test_samples": 100,
      "max_test_samples": 1000,
      "direction_threshold": 0.02,
      "significant_move_threshold": 0.05,
      "transaction_cost": 0.001,
      "initial_capital": 10000.0,
      "max_position_size": 0.1,
      "risk_free_rate": 0.02,
      "confidence_level": 0.95,
      "save_detailed_results": true,
      "generate_plots": false,
      "export_format": "json"
    }
  },
  "basic_metrics": {
    "regression_mse": 0.3950863047244114,
    "regression_rmse": 0.6285589111009495,
    "regression_mae": 0.5542795268579865,
    "regression_mape": 921.5347103987518,
    "regression_r2": -3.868029986366123,
    "regression_mean_error": -0.5539889969884385,
    "regression_std_error": 0.2969553770184257,
    "directional_directional_accuracy": 0.494949494949495,
    "directional_up_accuracy": 0.5,
    "directional_down_accuracy": 0.49019607843137253,
    "directional_total_up_days": "48",
    "directional_total_down_days": "51",
    "mean_relative_error": 9.215347103987519,
    "median_relative_error": 1.1149822586100653,
    "prediction_range": 0.22981025278568268,
    "actual_range": 0.9933651087402795,
    "prediction_variance": 0.007247899193316698,
    "actual_variance": 0.08115938189183888,
    "correlation_coefficient": 0.004634072663037033
  },
  "financial_metrics": {
    "simulated_total_return": -0.001,
    "simulated_sharpe_ratio": -14.203025998774566,
    "simulated_win_rate": 0.0,
    "simulated_total_trades": 1,
    "simulated_final_value": 9990.0,
    "strategy_volatility": 9.999489834961274e-05,
    "bullish_rmse": 0.771696805294141,
    "bullish_mae": 0.7371721333469102,
    "bullish_samples": 48,
    "bearish_rmse": 0.425136076876881,
    "bearish_mae": 0.3621525245887526,
    "bearish_samples": 50,
    "sideways_rmse": 0.8884763273478804,
    "sideways_mae": 0.8884763273478804,
    "sideways_samples": 1
  },
  "directional_analysis": {
    "directional_accuracy": 0.494949494949495,
    "up_accuracy": 0.5,
    "down_accuracy": 0.49019607843137253,
    "total_up_days": "48",
    "total_down_days": "51",
    "directional_accuracy_1pct": 0.4897959183673469,
    "directional_accuracy_2pct": 0.47368421052631576,
    "directional_accuracy_5pct": 0.45555555555555555,
    "mean_direction_error": 0.003500573676574909,
    "std_direction_error": 0.42059413211276525,
    "direction_error_skewness": -0.018919775462281012,
    "large_error_ratio": 0.9191919191919192
  },
  "risk_metrics": {
    "value_at_risk_95": 1.0409601080810391,
    "value_at_risk_99": 1.0955217299809952,
    "conditional_var_95": 1.0819601781652817,
    "downside_deviation": 0.2928745548852833,
    "error_skewness": -0.07327888815296696,
    "error_kurtosis": -0.939624917353012,
    "max_absolute_error": 1.127041163988204,
    "relative_var_95": 1.9922205409829006,
    "price_volatility": 0.3264019957319351,
    "prediction_volatility": 2.7843451499938965,
    "volatility_ratio": 8.53041705137306
  },
  "backtest_results": {},
  "stability_metrics": {
    "rmse_stability": 0.904608398604629,
    "accuracy_stability": 0.8564401926633067,
    "performance_trend": -0.8978097259813578,
    "consistency_score": 0.9909004423832267
  },
  "overall_score": {
    "accuracy_score": 0.6958229257750224,
    "directional_score": 0.494949494949495,
    "risk_score": 0.9891599936396538,
    "financial_score": 0.3996,
    "overall_score": 0.6450273964865623,
    "grade": "B"
  }
}