{
  "metadata": {
    "ticker": "TEST",
    "evaluation_date": "2025-06-11T22:26:29.139734",
    "test_samples": 50,
    "model_type": "LSTM_Basic",
    "config": {
      "rolling_window_days": 30,
      "min_test_samples": 100,
      "max_test_samples": 1000,
      "direction_threshold": 0.02,
      "significant_move_threshold": 0.05,
      "transaction_cost": 0.001,
      "initial_capital": 10000.0,
      "max_position_size": 0.1,
      "risk_free_rate": 0.02,
      "confidence_level": 0.95,
      "save_detailed_results": true,
      "generate_plots": false,
      "export_format": "json"
    }
  },
  "basic_metrics": {
    "regression_mse": 0.4281501407291098,
    "regression_rmse": 0.6543318276907443,
    "regression_mae": 0.5882804063915242,
    "regression_mape": 923.9266609878074,
    "regression_r2": -4.2754238727409914,
    "regression_mean_error": -0.5882804063915242,
    "regression_std_error": 0.2864896231714735,
    "directional_directional_accuracy": 0.494949494949495,
    "directional_up_accuracy": 0.5,
    "directional_down_accuracy": 0.49019607843137253,
    "directional_total_up_days": "48",
    "directional_total_down_days": "51",
    "mean_relative_error": 9.239266609878074,
    "median_relative_error": 1.1723186068650047,
    "prediction_range": 0.10550203174352646,
    "actual_range": 0.9933651087402795,
    "prediction_variance": 0.0013928269036114216,
    "actual_variance": 0.08115938189183888,
    "correlation_coefficient": 0.02238062239517618
  },
  "financial_metrics": {
    "simulated_total_return": 250219.84976560753,
    "simulated_sharpe_ratio": -1.8771589081140871,
    "simulated_win_rate": 0.5050505050505051,
    "simulated_total_trades": 99,
    "simulated_final_value": 2502208497.6560755,
    "strategy_volatility": 334.274926369625,
    "bullish_rmse": 0.8014839767324202,
    "bullish_mae": 0.7702408207691113,
    "bullish_samples": 48,
    "bearish_rmse": 0.45119300356377556,
    "bearish_mae": 0.39933748656327106,
    "bearish_samples": 50,
    "sideways_rmse": 0.8529462668181715,
    "sideways_mae": 0.8529462668181715,
    "sideways_samples": 1
  },
  "directional_analysis": {
    "directional_accuracy": 0.494949494949495,
    "up_accuracy": 0.5,
    "down_accuracy": 0.49019607843137253,
    "total_up_days": "48",
    "total_down_days": "51",
    "directional_accuracy_1pct": 0.4897959183673469,
    "directional_accuracy_2pct": 0.47368421052631576,
    "directional_accuracy_5pct": 0.45555555555555555,
    "mean_direction_error": 0.002676189473413053,
    "std_direction_error": 0.3944064411512432,
    "direction_error_skewness": -0.028399149936582626,
    "large_error_ratio": 0.898989898989899
  },
  "risk_metrics": {
    "value_at_risk_95": 1.0249315876591398,
    "value_at_risk_99": 1.0924784027079109,
    "conditional_var_95": 1.0712813355641786,
    "downside_deviation": 0.2864896231714735,
    "error_skewness": -0.061119830159462055,
    "error_kurtosis": -1.0401478958006487,
    "max_absolute_error": 1.1138573765231086,
    "relative_var_95": 2.484861842943886,
    "price_volatility": 0.3264019957319351,
    "prediction_volatility": 1.178460955619812,
    "volatility_ratio": 3.610458793234981
  },
  "backtest_results": {},
  "stability_metrics": {
    "rmse_stability": 0.9115342858708951,
    "accuracy_stability": 0.8564401926633067,
    "performance_trend": -0.9021028365121526,
    "consistency_score": 0.9921738174236275
  },
  "overall_score": {
    "accuracy_score": 0.6956178314700625,
    "directional_score": 0.494949494949495,
    "risk_score": 0.9893060551790888,
    "financial_score": 0.9515151515151515,
    "overall_score": 0.7553678560907436,
    "grade": "B+"
  }
}